Year #,Calendar Year,Player,Aces,Double Faults,1st Serve,1st Serve Points Won,2nd Serve Points Won,Break Points Faced,Break Points Saved,Service Games Played,Service Games Won,Total Service Points Won,1st Serve Return Points Won,2nd Serve Return Points Won,Break Points Opportunities,Break Points Converted,Return Games Played,Return Games Won,Return Points Won,Total Points Won
1,1991,Andre Agassi,133,100,0.65,0.68,0.55,344,0.62,651,0.8,0.63,0.32,0.53,443,0.42,644,0.29,0.4,0.52
2,1992,Andre Agassi,152,107,0.63,0.69,0.54,314,0.61,610,0.8,0.64,0.3,0.58,430,0.47,603,0.34,0.42,0.53
3,1993,Andre Agassi,178,94,0.62,0.73,0.51,245,0.64,490,0.82,0.65,0.32,0.6,402,0.45,482,0.37,0.44,0.54
4,1994,Andre Agassi,202,124,0.65,0.71,0.54,395,0.65,805,0.83,0.65,0.31,0.59,580,0.47,803,0.34,0.42,0.53
5,1995,Andre Agassi,319,161,0.64,0.74,0.56,353,0.67,917,0.87,0.68,0.32,0.6,734,0.45,925,0.36,0.43,0.55
6,1996,Andre Agassi,192,141,0.59,0.7,0.5,331,0.58,588,0.76,0.62,0.31,0.56,447,0.42,594,0.31,0.41,0.51
7,1997,Andre Agassi,91,95,0.58,0.7,0.49,167,0.63,261,0.76,0.61,0.28,0.55,192,0.38,258,0.28,0.41,0.51
8,1998,Andre Agassi,353,206,0.64,0.74,0.52,426,0.67,937,0.85,0.66,0.32,0.57,741,0.41,939,0.32,0.42,0.54
9,1999,Andre Agassi,386,174,0.61,0.77,0.56,337,0.7,871,0.88,0.69,0.32,0.57,658,0.45,878,0.34,0.42,0.55
10,2000,Andre Agassi,269,159,0.61,0.74,0.55,278,0.66,614,0.85,0.66,0.29,0.54,404,0.44,622,0.28,0.4,0.53
11,2001,Andre Agassi,299,138,0.66,0.73,0.54,325,0.62,789,0.84,0.67,0.32,0.55,618,0.4,779,0.32,0.42,0.54
12,2002,Andre Agassi,379,178,0.63,0.75,0.56,287,0.63,791,0.87,0.67,0.33,0.53,578,0.42,785,0.31,0.42,0.54
13,2003,Andre Agassi,316,134,0.62,0.74,0.55,296,0.65,729,0.86,0.67,0.36,0.54,545,0.47,737,0.34,0.44,0.55
14,2004,Andre Agassi,348,115,0.6,0.76,0.56,235,0.69,605,0.88,0.68,0.29,0.55,375,0.42,606,0.26,0.39,0.53
15,2005,Andre Agassi,303,127,0.6,0.75,0.54,303,0.7,599,0.85,0.67,0.31,0.52,390,0.43,605,0.27,0.4,0.53
16,2006,Andre Agassi,162,55,0.59,0.72,0.53,128,0.63,255,0.82,0.64,0.29,0.51,142,0.37,256,0.2,0.38,0.51
1,1995,Carlos Moya,29,18,0.67,0.61,0.56,129,0.59,185,0.71,0.59,0.36,0.5,126,0.44,182,0.31,0.42,0.5
2,1996,Carlos Moya,204,131,0.65,0.68,0.5,453,0.59,780,0.76,0.62,0.33,0.54,523,0.45,778,0.3,0.42,0.52
3,1997,Carlos Moya,263,173,0.62,0.68,0.5,593,0.58,970,0.75,0.61,0.32,0.54,647,0.46,973,0.31,0.41,0.51
4,1998,Carlos Moya,353,178,0.55,0.72,0.51,520,0.6,924,0.77,0.63,0.31,0.54,658,0.4,932,0.28,0.41,0.51
5,1999,Carlos Moya,313,205,0.53,0.7,0.48,528,0.63,767,0.75,0.6,0.32,0.52,548,0.39,774,0.28,0.4,0.5
6,2000,Carlos Moya,272,141,0.55,0.73,0.52,353,0.66,659,0.82,0.64,0.31,0.49,406,0.37,664,0.23,0.38,0.51
7,2001,Carlos Moya,369,138,0.57,0.73,0.53,379,0.62,742,0.8,0.64,0.29,0.51,437,0.4,752,0.23,0.38,0.51
8,2002,Carlos Moya,380,186,0.6,0.74,0.52,473,0.65,949,0.83,0.65,0.31,0.5,628,0.38,950,0.25,0.39,0.52
9,2003,Carlos Moya,481,236,0.55,0.76,0.55,468,0.66,959,0.83,0.67,0.39,0.53,633,0.41,958,0.27,0.45,0.56
10,2004,Carlos Moya,496,185,0.57,0.76,0.55,359,0.65,856,0.85,0.67,0.31,0.5,522,0.39,851,0.24,0.38,0.52
11,2005,Carlos Moya,267,132,0.6,0.72,0.5,354,0.64,633,0.8,0.64,0.31,0.48,378,0.39,633,0.24,0.38,0.51
12,2006,Carlos Moya,318,126,0.59,0.73,0.51,339,0.64,654,0.81,0.64,0.3,0.48,334,0.39,651,0.2,0.36,0.51
13,2007,Carlos Moya,371,180,0.62,0.72,0.51,454,0.67,806,0.81,0.64,0.32,0.49,474,0.41,805,0.24,0.38,0.51
14,2008,Carlos Moya,264,130,0.61,0.71,0.55,323,0.63,650,0.82,0.65,0.28,0.46,320,0.37,657,0.18,0.35,0.5
15,2009,Carlos Moya,31,27,0.54,0.74,0.49,45,0.62,77,0.78,0.62,0.23,0.5,32,0.38,76,0.16,0.32,0.48
16,2010,Carlos Moya,25,15,0.59,0.66,0.49,48,0.52,78,0.71,0.59,0.29,0.43,41,0.34,81,0.17,0.34,0.46
1,1991,Goran Ivanisevic,565,163,0.56,0.79,0.51,300,0.64,667,0.84,0.67,0.29,0.49,359,0.41,674,0.22,0.36,0.51
2,1992,Goran Ivanisevic,957,256,0.57,0.84,0.53,311,0.67,909,0.89,0.71,0.27,0.51,479,0.39,913,0.2,0.37,0.53
3,1993,Goran Ivanisevic,801,304,0.53,0.82,0.52,329,0.65,842,0.86,0.68,0.28,0.49,418,0.43,844,0.21,0.36,0.52
4,1994,Goran Ivanisevic,1156,361,0.57,0.83,0.49,449,0.68,1075,0.87,0.68,0.27,0.5,656,0.36,1077,0.22,0.37,0.52
5,1995,Goran Ivanisevic,901,250,0.53,0.83,0.51,333,0.68,776,0.86,0.68,0.27,0.5,358,0.43,778,0.2,0.35,0.52
6,1996,Goran Ivanisevic,1477,430,0.55,0.85,0.52,405,0.69,1153,0.89,0.7,0.25,0.51,572,0.42,1153,0.21,0.36,0.53
7,1997,Goran Ivanisevic,1011,383,0.54,0.83,0.5,359,0.7,862,0.88,0.68,0.25,0.5,431,0.39,869,0.19,0.35,0.52
8,1998,Goran Ivanisevic,1065,444,0.54,0.84,0.47,427,0.68,943,0.86,0.67,0.24,0.48,437,0.37,914,0.18,0.34,0.51
9,1999,Goran Ivanisevic,703,366,0.54,0.81,0.46,299,0.59,620,0.8,0.65,0.24,0.46,262,0.39,615,0.17,0.33,0.49
10,2000,Goran Ivanisevic,424,214,0.52,0.78,0.46,243,0.59,416,0.76,0.63,0.24,0.46,160,0.44,416,0.17,0.33,0.48
11,2001,Goran Ivanisevic,801,235,0.57,0.81,0.51,253,0.69,630,0.87,0.68,0.22,0.45,216,0.39,623,0.13,0.31,0.5
12,2002,Goran Ivanisevic,148,56,0.54,0.78,0.49,70,0.63,141,0.82,0.64,0.27,0.46,75,0.32,143,0.17,0.34,0.49
13,2003,Goran Ivanisevic,11,13,0.52,0.7,0.32,24,0.54,23,0.52,0.52,0.19,0.4,5,0.8,23,0.17,0.29,0.42
14,2004,Goran Ivanisevic,191,97,0.59,0.77,0.48,98,0.6,187,0.79,0.65,0.22,0.4,45,0.38,190,0.09,0.28,0.47
1,1996,Gustavo Kuerten,59,47,0.54,0.7,0.51,116,0.53,205,0.74,0.61,0.31,0.44,118,0.36,213,0.2,0.36,0.48
2,1997,Gustavo Kuerten,480,185,0.54,0.75,0.51,362,0.59,733,0.8,0.64,0.29,0.52,477,0.38,737,0.24,0.39,0.51
3,1998,Gustavo Kuerten,498,182,0.54,0.76,0.5,396,0.64,773,0.82,0.64,0.29,0.5,426,0.42,767,0.24,0.38,0.51
4,1999,Gustavo Kuerten,606,168,0.53,0.79,0.5,397,0.63,846,0.83,0.66,0.3,0.51,467,0.5,857,0.27,0.39,0.52
5,2000,Gustavo Kuerten,742,175,0.54,0.78,0.54,402,0.65,982,0.86,0.67,0.29,0.51,623,0.39,983,0.25,0.39,0.53
6,2001,Gustavo Kuerten,683,158,0.56,0.77,0.55,422,0.7,945,0.87,0.67,0.29,0.52,647,0.38,944,0.26,0.39,0.53
7,2002,Gustavo Kuerten,337,64,0.56,0.76,0.53,200,0.62,513,0.85,0.66,0.27,0.5,261,0.43,517,0.22,0.36,0.51
8,2003,Gustavo Kuerten,491,117,0.56,0.77,0.54,322,0.64,718,0.84,0.67,0.34,0.51,439,0.39,718,0.24,0.41,0.54
9,2004,Gustavo Kuerten,287,98,0.55,0.74,0.5,240,0.58,481,0.79,0.63,0.3,0.51,285,0.44,477,0.26,0.39,0.51
10,2005,Gustavo Kuerten,73,40,0.52,0.7,0.45,96,0.56,132,0.68,0.58,0.25,0.46,66,0.3,132,0.15,0.34,0.46
11,2006,Gustavo Kuerten,8,3,0.53,0.76,0.54,3,0.33,14,0.86,0.66,0.28,0.41,6,0.17,14,0.07,0.33,0.48
12,2007,Gustavo Kuerten,59,22,0.59,0.75,0.45,52,0.58,91,0.76,0.62,0.23,0.46,37,0.35,92,0.14,0.33,0.48
13,2008,Gustavo Kuerten,14,11,0.53,0.67,0.4,31,0.48,38,0.58,0.54,0.18,0.29,8,0.25,42,0.05,0.22,0.4
1,1991,Jim Courier,379,157,0.63,0.73,0.55,371,0.63,892,0.85,0.66,0.32,0.53,566,0.46,874,0.3,0.41,0.53
2,1992,Jim Courier,441,200,0.61,0.76,0.54,414,0.68,1016,0.87,0.67,0.32,0.55,701,0.42,992,0.3,0.41,0.54
3,1993,Jim Courier,357,205,0.61,0.76,0.54,379,0.66,973,0.87,0.67,0.32,0.54,657,0.42,946,0.29,0.41,0.54
4,1994,Jim Courier,266,163,0.62,0.74,0.52,342,0.63,766,0.83,0.66,0.32,0.54,506,0.42,748,0.29,0.41,0.53
5,1995,Jim Courier,416,217,0.62,0.75,0.53,403,0.65,994,0.86,0.67,0.28,0.54,560,0.44,973,0.26,0.39,0.53
6,1996,Jim Courier,249,135,0.62,0.73,0.53,260,0.6,579,0.82,0.65,0.29,0.52,342,0.43,569,0.26,0.38,0.52
7,1997,Jim Courier,269,161,0.61,0.73,0.5,317,0.59,659,0.8,0.64,0.28,0.52,381,0.43,652,0.25,0.38,0.51
8,1998,Jim Courier,189,90,0.65,0.71,0.51,249,0.63,458,0.8,0.64,0.27,0.47,232,0.37,453,0.19,0.36,0.5
9,1999,Jim Courier,289,119,0.66,0.74,0.54,303,0.66,643,0.84,0.67,0.26,0.51,327,0.37,640,0.19,0.37,0.52
10,2000,Jim Courier,58,25,0.61,0.73,0.54,62,0.61,128,0.81,0.66,0.24,0.45,49,0.39,129,0.15,0.33,0.49
1,1991,Michael Stitch,559,263,0.58,0.76,0.56,431,0.69,1060,0.87,0.67,0.32,0.47,612,0.42,1058,0.24,0.38,0.53
2,1992,Michael Stitch,421,186,0.59,0.77,0.56,278,0.63,731,0.86,0.68,0.3,0.49,380,0.44,734,0.23,0.38,0.53
3,1993,Michael Stitch,772,421,0.54,0.8,0.52,507,0.69,1137,0.86,0.67,0.29,0.5,649,0.39,1124,0.22,0.38,0.52
4,1994,Michael Stitch,627,290,0.58,0.79,0.51,387,0.64,955,0.86,0.67,0.31,0.49,574,0.4,945,0.24,0.39,0.53
5,1995,Michael Stitch,490,206,0.57,0.77,0.52,322,0.65,748,0.85,0.66,0.32,0.5,462,0.4,731,0.25,0.39,0.53
6,1996,Michael Stitch,427,180,0.55,0.8,0.49,231,0.64,502,0.83,0.66,0.29,0.52,295,0.4,496,0.24,0.39,0.53
7,1997,Michael Stitch,250,175,0.54,0.76,0.5,237,0.65,386,0.79,0.64,0.29,0.51,223,0.39,389,0.22,0.38,0.51
1,2004,Novak Djokovic,26,21,0.62,0.61,0.44,39,0.49,54,0.63,0.54,0.38,0.46,46,0.35,55,0.29,0.41,0.48
2,2005,Novak Djokovic,88,58,0.63,0.7,0.48,161,0.59,261,0.75,0.62,0.28,0.51,136,0.4,252,0.22,0.37,0.49
3,2006,Novak Djokovic,285,154,0.63,0.72,0.53,330,0.63,652,0.81,0.65,0.3,0.51,371,0.45,634,0.26,0.39,0.52
4,2007,Novak Djokovic,518,195,0.64,0.72,0.54,495,0.65,1074,0.84,0.66,0.32,0.53,694,0.43,1055,0.28,0.4,0.53
5,2008,Novak Djokovic,493,154,0.65,0.74,0.57,378,0.67,953,0.87,0.68,0.32,0.53,595,0.47,936,0.3,0.41,0.54
6,2009,Novak Djokovic,502,263,0.63,0.73,0.54,525,0.66,1139,0.85,0.66,0.33,0.54,825,0.42,1110,0.31,0.42,0.53
7,2010,Novak Djokovic,304,282,0.64,0.71,0.52,493,0.67,907,0.82,0.64,0.34,0.54,637,0.45,882,0.32,0.42,0.53
8,2011,Novak Djokovic,343,143,0.65,0.74,0.56,351,0.65,899,0.86,0.68,0.36,0.58,692,0.48,860,0.39,0.45,0.56
9,2012,Novak Djokovic,512,147,0.64,0.75,0.56,411,0.66,1073,0.87,0.68,0.35,0.56,768,0.46,1033,0.35,0.43,0.55
10,2013,Novak Djokovic,476,118,0.66,0.75,0.6,340,0.65,989,0.88,0.7,0.35,0.55,758,0.42,960,0.33,0.43,0.56
11,2014,Novak Djokovic,428,105,0.67,0.75,0.56,299,0.63,895,0.88,0.69,0.33,0.58,632,0.45,862,0.33,0.43,0.55
12,2015,Novak Djokovic,471,135,0.66,0.74,0.6,358,0.68,1082,0.89,0.7,0.34,0.57,824,0.44,1057,0.34,0.43,0.56
13,2016,Novak Djokovic,276,174,0.65,0.73,0.56,364,0.68,841,0.86,0.67,0.35,0.59,649,0.43,818,0.34,0.44,0.55
14,2017,Novak Djokovic,155,74,0.66,0.73,0.53,203,0.63,470,0.84,0.66,0.33,0.55,316,0.45,461,0.31,0.42,0.54
15,2018,Novak Djokovic,342,152,0.66,0.74,0.57,301,0.65,830,0.87,0.68,0.34,0.55,617,0.4,813,0.3,0.42,0.55
16,2019,Novak Djokovic,373,166,0.66,0.76,0.57,282,0.64,825,0.88,0.69,0.34,0.54,516,0.49,796,0.32,0.42,0.55
17,2020,Novak Djokovic,278,137,0.64,0.75,0.53,243,0.67,572,0.86,0.67,0.35,0.58,421,0.43,557,0.33,0.43,0.55
18,2021,Novak Djokovic,464,151,0.65,0.76,0.54,308,0.66,805,0.87,0.69,0.36,0.55,603,0.45,789,0.35,0.43,0.55
1,1991,Patrick Rafter,2,0,0.53,0.52,0.44,9,0.44,9,0.44,0.48,0.26,0.27,1,1,8,0.13,0.26,0.39
2,1992,Patrick Rafter,8,16,0.52,0.63,0.44,35,0.51,41,0.59,0.54,0.28,0.51,23,0.35,40,0.2,0.37,0.46
3,1993,Patrick Rafter,135,103,0.6,0.73,0.46,164,0.64,284,0.79,0.62,0.26,0.5,128,0.4,284,0.18,0.36,0.49
4,1994,Patrick Rafter,575,281,0.59,0.76,0.5,420,0.65,906,0.84,0.65,0.27,0.48,437,0.36,896,0.18,0.36,0.51
5,1995,Patrick Rafter,376,227,0.59,0.73,0.49,333,0.58,693,0.8,0.63,0.27,0.5,370,0.38,681,0.2,0.36,0.5
6,1996,Patrick Rafter,272,149,0.58,0.76,0.53,208,0.63,504,0.85,0.66,0.3,0.5,302,0.41,504,0.25,0.38,0.52
7,1997,Patrick Rafter,588,346,0.61,0.76,0.52,492,0.66,1100,0.85,0.66,0.3,0.5,638,0.41,1076,0.24,0.38,0.52
8,1998,Patrick Rafter,540,237,0.65,0.77,0.54,358,0.66,968,0.88,0.69,0.3,0.52,587,0.4,957,0.25,0.39,0.54
9,1999,Patrick Rafter,337,159,0.65,0.75,0.53,282,0.65,649,0.85,0.67,0.32,0.51,388,0.44,634,0.27,0.39,0.53
10,2000,Patrick Rafter,337,142,0.64,0.77,0.55,242,0.69,615,0.88,0.69,0.29,0.47,327,0.37,599,0.2,0.37,0.52
11,2001,Patrick Rafter,478,207,0.65,0.77,0.53,270,0.63,786,0.87,0.69,0.29,0.5,437,0.42,776,0.24,0.38,0.53
1,1991,Pete Sampras,522,153,0.6,0.76,0.56,316,0.67,825,0.87,0.68,0.32,0.5,520,0.4,804,0.26,0.39,0.53
2,1992,Pete Sampras,745,230,0.6,0.79,0.52,400,0.64,1015,0.86,0.68,0.3,0.52,609,0.44,997,0.27,0.39,0.54
3,1993,Pete Sampras,1011,346,0.58,0.82,0.53,400,0.69,1194,0.9,0.7,0.3,0.54,745,0.43,1164,0.27,0.4,0.54
4,1994,Pete Sampras,811,279,0.59,0.81,0.52,376,0.68,1017,0.88,0.69,0.32,0.53,675,0.43,987,0.29,0.41,0.55
5,1995,Pete Sampras,974,302,0.56,0.83,0.51,417,0.71,1101,0.89,0.69,0.29,0.53,654,0.43,1071,0.26,0.39,0.54
6,1996,Pete Sampras,891,226,0.6,0.83,0.53,336,0.72,1034,0.91,0.71,0.24,0.51,577,0.37,1007,0.21,0.35,0.53
7,1997,Pete Sampras,616,132,0.64,0.82,0.53,222,0.67,774,0.9,0.71,0.3,0.53,466,0.45,754,0.28,0.4,0.55
8,1998,Pete Sampras,908,331,0.59,0.83,0.51,300,0.64,967,0.89,0.7,0.27,0.53,567,0.41,953,0.25,0.38,0.54
9,1999,Pete Sampras,480,213,0.6,0.82,0.53,197,0.7,596,0.9,0.71,0.29,0.47,322,0.39,584,0.21,0.37,0.54
10,2000,Pete Sampras,666,292,0.62,0.81,0.54,240,0.73,758,0.91,0.71,0.26,0.48,358,0.38,742,0.18,0.36,0.53
11,2001,Pete Sampras,627,277,0.6,0.78,0.52,284,0.65,737,0.86,0.68,0.28,0.47,363,0.36,734,0.18,0.36,0.51
12,2002,Pete Sampras,607,228,0.59,0.79,0.52,263,0.7,623,0.87,0.68,0.28,0.44,308,0.36,625,0.18,0.35,0.51
1,2002,Rafael Nadal,1,1,0.86,0.59,0.29,18,0.61,18,0.61,0.55,0.39,0.47,7,0.71,18,0.28,0.41,0.49
2,2003,Rafael Nadal,37,46,0.73,0.7,0.56,169,0.64,285,0.79,0.66,0.33,0.56,187,0.41,279,0.27,0.43,0.55
3,2004,Rafael Nadal,57,84,0.7,0.67,0.54,287,0.61,485,0.77,0.63,0.33,0.53,325,0.43,467,0.3,0.41,0.52
4,2005,Rafael Nadal,219,131,0.69,0.71,0.57,449,0.64,1038,0.84,0.66,0.37,0.57,845,0.46,1031,0.38,0.45,0.55
5,2006,Rafael Nadal,240,108,0.69,0.72,0.57,368,0.68,873,0.86,0.67,0.32,0.54,600,0.43,878,0.29,0.41,0.54
6,2007,Rafael Nadal,238,128,0.68,0.73,0.56,408,0.67,985,0.86,0.67,0.35,0.54,739,0.44,991,0.33,0.42,0.54
7,2008,Rafael Nadal,283,117,0.69,0.72,0.6,395,0.67,1054,0.88,0.68,0.34,0.55,786,0.45,1045,0.33,0.43,0.55
8,2009,Rafael Nadal,219,102,0.68,0.71,0.57,405,0.65,871,0.84,0.66,0.33,0.57,627,0.47,879,0.34,0.43,0.54
9,2010,Rafael Nadal,310,120,0.67,0.75,0.6,322,0.69,1001,0.9,0.7,0.31,0.55,674,0.44,1002,0.29,0.4,0.55
10,2011,Rafael Nadal,267,121,0.68,0.71,0.57,436,0.64,944,0.83,0.67,0.34,0.57,706,0.46,951,0.34,0.43,0.54
11,2012,Rafael Nadal,160,59,0.67,0.75,0.57,234,0.71,564,0.88,0.69,0.38,0.55,433,0.49,565,0.38,0.44,0.56
12,2013,Rafael Nadal,221,120,0.69,0.73,0.57,356,0.69,913,0.88,0.68,0.35,0.54,662,0.47,916,0.34,0.42,0.55
13,2014,Rafael Nadal,181,90,0.7,0.72,0.55,312,0.66,713,0.85,0.67,0.35,0.56,514,0.48,712,0.35,0.43,0.55
14,2015,Rafael Nadal,222,166,0.68,0.72,0.55,425,0.62,965,0.83,0.66,0.33,0.53,699,0.42,959,0.31,0.41,0.53
15,2016,Rafael Nadal,115,88,0.7,0.69,0.54,339,0.7,542,0.81,0.64,0.35,0.56,475,0.45,530,0.41,0.44,0.55
16,2017,Rafael Nadal,286,123,0.68,0.74,0.61,340,0.7,939,0.89,0.7,0.35,0.56,718,0.41,908,0.33,0.43,0.56
17,2018,Rafael Nadal,122,91,0.66,0.72,0.6,281,0.7,612,0.86,0.68,0.36,0.57,474,0.46,591,0.37,0.44,0.55
18,2019,Rafael Nadal,271,118,0.65,0.76,0.6,231,0.68,737,0.9,0.7,0.35,0.56,556,0.45,715,0.35,0.42,0.56
19,2020,Rafael Nadal,157,66,0.64,0.75,0.58,160,0.68,414,0.87,0.69,0.35,0.57,278,0.49,398,0.34,0.43,0.56
20,2021,Rafael Nadal,116,79,0.64,0.73,0.54,181,0.66,380,0.84,0.66,0.34,0.57,294,0.44,365,0.36,0.43,0.55
1,1998,Roger Federer,24,14,0.56,0.71,0.5,28,0.61,46,0.76,0.62,0.28,0.51,28,0.36,46,0.22,0.37,0.49
2,1999,Roger Federer,125,92,0.58,0.7,0.49,180,0.59,304,0.76,0.61,0.29,0.47,158,0.39,309,0.2,0.36,0.49
3,2000,Roger Federer,405,203,0.59,0.72,0.52,376,0.65,730,0.82,0.64,0.27,0.47,343,0.41,727,0.19,0.36,0.5
4,2001,Roger Federer,527,203,0.6,0.74,0.53,456,0.67,901,0.83,0.66,0.3,0.5,536,0.39,892,0.23,0.38,0.52
5,2002,Roger Federer,504,197,0.6,0.76,0.54,378,0.66,906,0.86,0.67,0.31,0.5,520,0.43,894,0.25,0.39,0.53
6,2003,Roger Federer,690,269,0.6,0.78,0.59,407,0.66,1082,0.87,0.71,0.4,0.56,756,0.41,1055,0.29,0.46,0.58
7,2004,Roger Federer,563,156,0.62,0.78,0.58,285,0.73,925,0.92,0.7,0.35,0.52,653,0.41,886,0.3,0.41,0.55
8,2005,Roger Federer,599,152,0.63,0.76,0.59,327,0.64,1093,0.89,0.7,0.35,0.52,733,0.44,1054,0.31,0.42,0.55
9,2006,Roger Federer,656,118,0.63,0.77,0.59,399,0.7,1229,0.9,0.7,0.35,0.54,875,0.43,1190,0.32,0.42,0.56
10,2007,Roger Federer,597,86,0.62,0.77,0.59,308,0.66,971,0.89,0.7,0.34,0.52,662,0.41,940,0.29,0.41,0.55
11,2008,Roger Federer,695,77,0.64,0.77,0.58,350,0.68,1033,0.89,0.7,0.32,0.53,657,0.41,1004,0.27,0.4,0.55
12,2009,Roger Federer,657,134,0.62,0.79,0.57,320,0.69,1009,0.9,0.71,0.31,0.51,582,0.41,980,0.24,0.38,0.54
13,2010,Roger Federer,658,110,0.62,0.78,0.56,331,0.68,980,0.89,0.7,0.34,0.51,631,0.41,951,0.27,0.4,0.55
14,2011,Roger Federer,504,98,0.64,0.79,0.57,267,0.65,904,0.9,0.71,0.33,0.51,593,0.41,877,0.28,0.4,0.55
15,2012,Roger Federer,665,120,0.63,0.78,0.6,299,0.69,1042,0.91,0.71,0.31,0.51,630,0.42,1020,0.26,0.39,0.54
16,2013,Roger Federer,399,104,0.63,0.76,0.55,304,0.65,793,0.87,0.69,0.33,0.51,515,0.39,783,0.26,0.4,0.54
17,2014,Roger Federer,627,117,0.64,0.79,0.58,321,0.71,1016,0.91,0.71,0.32,0.51,660,0.39,998,0.26,0.4,0.55
18,2015,Roger Federer,597,125,0.64,0.8,0.57,228,0.68,890,0.92,0.72,0.33,0.5,585,0.41,875,0.27,0.4,0.55
19,2016,Roger Federer,246,48,0.62,0.8,0.56,108,0.64,385,0.9,0.71,0.31,0.5,233,0.39,382,0.24,0.38,0.54
20,2017,Roger Federer,550,103,0.62,0.8,0.59,200,0.68,749,0.91,0.72,0.32,0.51,491,0.4,741,0.27,0.4,0.55
21,2018,Roger Federer,534,109,0.62,0.8,0.59,212,0.68,753,0.91,0.72,0.32,0.48,425,0.42,745,0.24,0.38,0.54
22,2019,Roger Federer,481,100,0.65,0.78,0.59,244,0.71,815,0.91,0.72,0.32,0.5,507,0.41,809,0.25,0.39,0.55
23,2020,Roger Federer,66,13,0.66,0.74,0.53,46,0.67,108,0.86,0.67,0.32,0.5,65,0.4,105,0.25,0.39,0.53
24,2021,Roger Federer,109,11,0.66,0.74,0.57,85,0.68,208,0.87,0.68,0.28,0.48,110,0.35,212,0.18,0.35,0.51
1,1991,Stefan Edberg,251,247,0.63,0.75,0.55,431,0.65,1045,0.85,0.67,0.35,0.54,773,0.45,1044,0.33,0.43,0.55
2,1992,Stefan Edberg,291,289,0.64,0.74,0.52,501,0.67,1096,0.85,0.66,0.31,0.54,728,0.41,1083,0.27,0.4,0.53
3,1993,Stefan Edberg,224,356,0.6,0.73,0.49,529,0.63,1004,0.81,0.63,0.33,0.53,711,0.43,1005,0.3,0.41,0.52
4,1994,Stefan Edberg,213,288,0.61,0.72,0.52,446,0.64,893,0.82,0.64,0.34,0.53,596,0.47,893,0.31,0.42,0.53
5,1995,Stefan Edberg,184,215,0.61,0.73,0.51,356,0.6,692,0.8,0.64,0.33,0.53,487,0.43,699,0.3,0.41,0.52
6,1996,Stefan Edberg,264,277,0.59,0.72,0.52,433,0.62,842,0.8,0.63,0.32,0.53,602,0.41,855,0.29,0.41,0.52
1,1991,Thomas Muster,44,70,0.74,0.62,0.52,364,0.6,517,0.72,0.59,0.38,0.54,397,0.48,525,0.36,0.44,0.52
2,1992,Thomas Muster,124,107,0.67,0.66,0.53,402,0.6,693,0.77,0.62,0.32,0.53,487,0.42,703,0.29,0.41,0.51
3,1993,Thomas Muster,267,242,0.63,0.7,0.57,541,0.66,1124,0.84,0.65,0.32,0.56,864,0.44,1143,0.33,0.42,0.53
4,1994,Thomas Muster,310,255,0.59,0.71,0.53,477,0.61,941,0.8,0.64,0.32,0.55,667,0.45,938,0.32,0.41,0.52
5,1995,Thomas Muster,335,252,0.6,0.71,0.54,592,0.61,1197,0.81,0.64,0.34,0.57,872,0.49,1200,0.36,0.44,0.54
6,1996,Thomas Muster,276,196,0.59,0.71,0.54,554,0.67,992,0.81,0.64,0.31,0.58,733,0.44,1000,0.32,0.42,0.53
7,1997,Thomas Muster,258,140,0.59,0.71,0.53,436,0.67,773,0.82,0.64,0.27,0.52,452,0.42,781,0.25,0.38,0.51
8,1998,Thomas Muster,168,112,0.6,0.68,0.52,382,0.62,620,0.77,0.62,0.32,0.54,433,0.44,617,0.31,0.41,0.51
9,1999,Thomas Muster,43,49,0.64,0.63,0.49,144,0.62,191,0.71,0.58,0.27,0.5,130,0.31,192,0.21,0.37,0.48
10,2000,Thomas Muster,0,0,0,0,0,0,0,0,0,0,0,0,0,0,0,0,0,0
11,2001,Thomas Muster,0,0,0,0,0,0,0,0,0,0,0,0,0,0,0,0,0,0
12,2002,Thomas Muster,0,0,0,0,0,0,0,0,0,0,0,0,0,0,0,0,0,0
13,2003,Thomas Muster,0,0,0,0,0,0,0,0,0,0,0,0,0,0,0,0,0,0
14,2004,Thomas Muster,0,0,0,0,0,0,0,0,0,0,0,0,0,0,0,0,0,0
15,2005,Thomas Muster,0,0,0,0,0,0,0,0,0,0,0,0,0,0,0,0,0,0
16,2006,Thomas Muster,0,0,0,0,0,0,0,0,0,0,0,0,0,0,0,0,0,0
17,2007,Thomas Muster,0,0,0,0,0,0,0,0,0,0,0,0,0,0,0,0,0,0
18,2008,Thomas Muster,0,0,0,0,0,0,0,0,0,0,0,0,0,0,0,0,0,0
19,2009,Thomas Muster,0,0,0,0,0,0,0,0,0,0,0,0,0,0,0,0,0,0
20,2010,Thomas Muster,5,2,0.61,0.63,0.62,6,0.67,10,0.8,0.62,0.04,0.39,0,0,10,0,0.22,0.44
21,2011,Thomas Muster,6,6,0.61,0.57,0.29,19,0.42,17,0.35,0.46,0.24,0.54,7,0.29,15,0.13,0.36,0.41
1,1994,Tim Henman,26,23,0.62,0.69,0.46,54,0.5,89,0.7,0.6,0.28,0.49,46,0.35,89,0.18,0.37,0.49
2,1995,Tim Henman,53,65,0.56,0.7,0.47,110,0.6,173,0.75,0.6,0.29,0.5,90,0.42,174,0.22,0.38,0.49
3,1996,Tim Henman,383,205,0.57,0.74,0.5,376,0.63,708,0.81,0.64,0.29,0.49,411,0.37,701,0.22,0.37,0.51
4,1997,Tim Henman,562,314,0.52,0.8,0.5,400,0.64,851,0.83,0.65,0.3,0.49,523,0.38,849,0.23,0.38,0.52
5,1998,Tim Henman,605,335,0.53,0.78,0.49,495,0.58,1048,0.8,0.64,0.31,0.5,670,0.4,1025,0.26,0.39,0.52
6,1999,Tim Henman,483,269,0.55,0.76,0.49,472,0.63,915,0.81,0.64,0.31,0.53,584,0.4,911,0.26,0.4,0.52
7,2000,Tim Henman,537,286,0.55,0.77,0.51,502,0.7,964,0.84,0.66,0.34,0.49,670,0.38,949,0.27,0.4,0.53
8,2001,Tim Henman,336,222,0.6,0.74,0.52,449,0.65,892,0.83,0.65,0.34,0.52,620,0.43,880,0.3,0.41,0.53
9,2002,Tim Henman,215,147,0.63,0.7,0.52,436,0.63,822,0.8,0.63,0.34,0.51,561,0.44,816,0.3,0.41,0.52
10,2003,Tim Henman,221,172,0.59,0.73,0.52,292,0.6,561,0.79,0.65,0.38,0.51,332,0.46,555,0.27,0.43,0.54
11,2004,Tim Henman,371,250,0.59,0.74,0.54,344,0.59,854,0.83,0.66,0.32,0.5,502,0.43,836,0.26,0.39,0.52
12,2005,Tim Henman,182,134,0.62,0.73,0.51,263,0.62,530,0.81,0.65,0.32,0.48,305,0.4,516,0.24,0.38,0.51
13,2006,Tim Henman,242,119,0.61,0.71,0.51,326,0.63,603,0.8,0.63,0.31,0.5,353,0.43,596,0.25,0.39,0.51
14,2007,Tim Henman,121,68,0.64,0.7,0.52,149,0.64,247,0.79,0.63,0.27,0.47,117,0.4,248,0.19,0.34,0.49
1,1991,Todd Martin,123,55,0.58,0.72,0.54,102,0.62,209,0.81,0.65,0.29,0.52,103,0.43,206,0.21,0.38,0.51
2,1992,Todd Martin,241,92,0.64,0.7,0.52,257,0.6,490,0.79,0.64,0.3,0.53,319,0.4,486,0.27,0.4,0.52
3,1993,Todd Martin,518,149,0.63,0.74,0.51,405,0.66,823,0.83,0.65,0.29,0.53,454,0.45,815,0.25,0.39,0.52
4,1994,Todd Martin,633,183,0.61,0.75,0.52,439,0.65,929,0.84,0.66,0.29,0.55,577,0.39,906,0.25,0.39,0.53
5,1995,Todd Martin,602,199,0.6,0.77,0.51,361,0.63,804,0.84,0.67,0.27,0.53,444,0.41,802,0.22,0.38,0.52
6,1996,Todd Martin,643,187,0.62,0.76,0.51,440,0.68,903,0.84,0.67,0.29,0.54,545,0.42,887,0.26,0.4,0.53
7,1997,Todd Martin,189,76,0.59,0.77,0.52,90,0.61,236,0.85,0.66,0.26,0.5,126,0.39,241,0.2,0.36,0.51
8,1998,Todd Martin,634,211,0.62,0.77,0.51,328,0.63,797,0.85,0.67,0.28,0.53,440,0.41,791,0.23,0.38,0.52
9,1999,Todd Martin,650,225,0.63,0.78,0.5,317,0.64,810,0.86,0.68,0.28,0.5,456,0.36,809,0.2,0.37,0.52
10,2000,Todd Martin,320,95,0.62,0.77,0.5,158,0.66,368,0.86,0.67,0.27,0.52,218,0.37,373,0.22,0.37,0.52
11,2001,Todd Martin,263,132,0.61,0.74,0.49,194,0.59,376,0.79,0.64,0.26,0.51,193,0.39,376,0.2,0.36,0.5
12,2002,Todd Martin,386,157,0.61,0.76,0.5,261,0.68,518,0.84,0.66,0.25,0.49,242,0.41,514,0.19,0.35,0.51
13,2003,Todd Martin,260,131,0.6,0.76,0.5,173,0.64,384,0.84,0.66,0.3,0.49,182,0.43,385,0.2,0.38,0.52
14,2004,Todd Martin,263,102,0.63,0.75,0.51,172,0.63,379,0.83,0.66,0.26,0.49,159,0.34,375,0.14,0.35,0.5
1,1992,Yevgeny Kafelnikov,13,10,0.56,0.69,0.5,28,0.57,46,0.74,0.6,0.21,0.45,9,0.44,44,0.09,0.3,0.46
2,1993,Yevgeny Kafelnikov,56,70,0.56,0.69,0.49,131,0.55,211,0.72,0.6,0.28,0.54,128,0.44,209,0.27,0.39,0.5
3,1994,Yevgeny Kafelnikov,335,270,0.59,0.7,0.51,636,0.62,1060,0.77,0.62,0.32,0.53,713,0.43,1045,0.3,0.41,0.52
4,1995,Yevgeny Kafelnikov,486,310,0.55,0.74,0.51,514,0.62,1067,0.82,0.64,0.31,0.54,705,0.44,1037,0.3,0.41,0.52
5,1996,Yevgeny Kafelnikov,652,373,0.57,0.76,0.52,581,0.64,1222,0.83,0.65,0.3,0.52,755,0.43,1194,0.27,0.4,0.52
6,1997,Yevgeny Kafelnikov,413,321,0.55,0.73,0.5,504,0.61,953,0.79,0.63,0.28,0.54,620,0.41,931,0.27,0.4,0.51
7,1998,Yevgeny Kafelnikov,481,366,0.54,0.75,0.5,542,0.61,988,0.79,0.63,0.28,0.53,615,0.41,969,0.26,0.39,0.51
8,1999,Yevgeny Kafelnikov,531,373,0.56,0.74,0.5,561,0.58,1089,0.79,0.64,0.29,0.54,731,0.41,1067,0.28,0.4,0.52
9,2000,Yevgeny Kafelnikov,471,390,0.55,0.72,0.5,687,0.61,1161,0.77,0.62,0.3,0.51,702,0.45,1134,0.28,0.4,0.51
10,2001,Yevgeny Kafelnikov,669,476,0.52,0.75,0.51,654,0.63,1216,0.8,0.64,0.3,0.52,795,0.42,1205,0.28,0.4,0.52
11,2002,Yevgeny Kafelnikov,421,304,0.54,0.75,0.5,437,0.62,765,0.78,0.63,0.28,0.49,411,0.43,757,0.23,0.37,0.51
12,2003,Yevgeny Kafelnikov,212,172,0.59,0.7,0.5,368,0.55,655,0.75,0.62,0.35,0.54,458,0.41,646,0.29,0.43,0.52
